423977,Kathy,31,143722
525868,Allis,70,1139627
806470,Eadie,53,550918
27513,Zondra,64,433848
680641,Meg,46,214084
804520,Emylee,58,1075917
400566,Eugine,26,58107
449355,Felice,49,969043
338163,Clo,54,803059
162567,Josephine,29,697081
51891,Kaia,39,930278
263842,Roslyn,43,1394830
783773,Belva,47,1202820
48479,Barbi,58,654654
164725,Jolyn,45,862190
778867,Loree,68,376164
486853,Aubrie,30,956691
253754,Rochette,38,1270067
679405,Jennica,35,676538
9117,Marsiella,69,990472
202675,Eolanda,49,998618
736165,Katharina,25,693662
214243,Sherrie,63,557227
602699,Carol-Jean,63,974991
276850,Deedee,63,472688
889481,Tobe,42,463236
224045,Kayla,66,1307664
304875,Sheelagh,55,1145936
355211,Cassandra,66,1326430
151315,Ira,60,868202
828512,Neila,32,49183
899718,Brandise,69,534917
285847,Brietta,31,825252
270392,Fina,43,939405
551953,Meghann,37,982271
170661,Dulce,63,119060
664728,Merci,43,974276
181570,Vinita,35,1244747
233891,Genevra,72,1025116
285907,Linzy,24,282955
775695,Ilse,53,284989
706098,Rosene,53,1120480
404028,Corina,31,618593
108591,Lila,23,164532
124103,Kenna,57,1006153
741954,Jan,24,83873
898494,Orsola,67,561422
805865,Petronia,34,653634
167134,Ebonee,46,1115936
465152,Meg,26,1071568
45182,Sharai,70,623909
794689,Marguerite,20,714230
346103,Roxane,69,79905
548924,Brietta,67,144037
427296,Marylou,46,325492
188156,Leia,62,890655
625671,Cissiee,46,519557
621552,Joy,30,901692
424158,Esmeralda,19,477858
423003,Adriana,44,411090
870680,Tobe,33,477280
388818,Cassondra,44,444360
407580,Charlena,55,525630
333254,Nonnah,37,611250
209124,Meriel,42,1324606
357214,Dania,34,1133903
899503,Annecorinne,55,172101
449941,Berget,24,1010331
566986,Marita,28,274399
380424,Joleen,35,954371
359534,Briney,37,189317
951439,Amii,25,1256892
646712,Catharine,58,1168253
737543,Lizzie,52,785380
152441,Lory,46,316392
762558,Sean,70,650009
984795,Kathy,24,910813
562028,Tierney,19,714715
482038,Alameda,48,1240708
434062,Shel,70,663548
79015,Frieda,31,1363252
229287,Ermengarde,71,925177
620628,Sindee,56,617738
430805,Fanny,60,1058229
275919,Heddie,55,795215
404647,Florencia,43,1218228
345840,Consuela,52,246961
470675,Shauna,35,273089
959999,Magdalena,56,760014
125614,Cissiee,71,139348
332397,Alisha,43,298193
790871,Ariela,35,344416
361200,Caressa,64,202165
259068,Margalo,31,1148733
199930,Raquela,33,420379
369200,Hyacinthe,20,46985
205260,Robbi,42,1234227
118442,Gloria,61,742571
44293,Shannah,23,711138
120527,Marline,39,870077
106553,Lizzie,49,281525
431575,Eve,70,1317096
221111,Wynne,22,639363
529792,Fayre,24,1342224
193077,Vevay,31,809122
969016,Queenie,53,646797
394677,Demetris,25,966990
549012,Marline,47,610224
396499,Jessy,44,1003721
904669,Roseline,46,874773
359653,Karly,19,662444
395397,Esmeralda,34,1069441
977127,Eolanda,48,76218
987146,Lauryn,19,790682
569526,Lory,50,885821
274303,Tracey,51,118434
390428,Quintina,24,372461
205706,Gerrie,48,830072
100100,Hildegaard,57,1213090
754882,Mara,51,1398831
37663,Yetty,54,755801
171142,Ethel,21,769516
5189,Sadie,40,1245115
475287,Agathe,50,1214853
452984,Hermione,69,281097
460068,Violet,40,331804
818242,Cathie,64,104466
819406,Glynnis,52,1331536
609320,Dania,64,954465
353080,Max,63,538288
924858,Codie,26,983933
270003,Olwen,60,1150465
730618,Valera,37,917736
831395,Eugine,51,939346
190957,Romona,71,578038
44983,Rubie,29,362211
706485,Sallie,33,796354
549647,Merle,50,509906
467246,Margarette,63,88698
749665,Letizia,67,61170
277170,Berget,20,444311
228051,Teriann,30,339778
353762,Mamie,67,478013
778872,Jasmina,47,894550
536302,Amelia,68,1191503
29161,Grier,60,567354
51162,Grier,50,944359
845047,Ulrike,44,887293
436180,Kirbee,45,349345
436217,Joy,68,1377595
827949,Stephanie,57,119925
601679,Sherrie,55,503537
890569,Heida,63,1236593
291106,Shaine,55,881402
133421,Corry,21,48488
369947,Feliza,28,1055153
652329,Bill,36,759781
846389,Alie,60,1105866
93875,Di,52,1000723
353458,Gretal,52,895030
386233,Kirbee,65,936072
986634,Oralee,18,129144
670848,Alejandra,59,213066
857080,Jeanna,64,59716
42756,Brooks,31,450411
754994,Celene,43,588836
173849,Willetta,41,843275
584563,Florencia,64,627982
157774,Oona,68,1208446
905544,Desirae,43,1371555
288955,Florie,18,1039511
486177,Annabela,71,877902
130795,Dyann,28,739668
327450,Mariele,40,622485
289265,Elsie,24,612208
711760,Leeanne,30,561917
478013,Maye,19,436713
784652,Binny,64,523962
903925,Rivalee,67,684620
382328,Dacia,58,1255374
642595,Dorthy,63,164802
479658,Nariko,21,761026
296807,Averyl,33,112742
452793,Ariela,20,164772
882527,Linzy,33,800719
869375,Frances,35,50818
290331,Teriann,67,82792
757307,Xylina,70,1115978
598993,Dorothy,51,312552
835595,Peri,30,1305142
125008,Joane,55,1156897
855446,Annice,60,199193
947324,Wendi,27,220892
4719,Marjie,72,254418
359214,Nickie,25,645124
470798,Fayre,72,831920
131617,Siana,59,1385354
310839,Christian,35,485547
758461,Thalia,50,1101962
29744,Deane,27,726583
48328,Marcelline,48,1211117
310774,Catharine,34,573528
632676,Mignon,59,909453
502349,Gwenneth,50,100369
70750,Bobbi,22,984059
862554,Dorothy,50,875126
973573,Dorothy,29,554445
747666,Hayley,55,529307
292090,Cassondra,48,445291
534271,Tierney,34,852873
393955,Codie,43,410275
99473,Charlena,28,751200
280067,Ingrid,21,534406
179687,Rochette,62,959880
138682,Ida,35,962930
247875,Lindie,56,655555
770795,Caritta,61,1229995
86248,Ethel,65,1014561
659813,Kara-Lynn,28,492536
341311,Clementine,56,1282917
711610,Ivett,55,396968
490901,Paulita,47,999303
529753,Laure,61,946827
61678,Melina,60,1325753
83880,Flo,62,1377053
582681,Maye,25,445775
525258,Willetta,41,145740
559616,Dianemarie,64,1000606
428819,Dorthy,33,740896
195381,Olwen,34,1001074
66166,Bibby,20,792292
989843,Shirlee,44,176524
922078,Nariko,33,190103
274963,Tiffie,42,442165
630506,Aurore,30,433894
646585,Brana,25,1156242
199701,Jan,35,1042339
207415,Hope,45,828625
581710,Evita,53,635319
354277,Maridel,43,733517
79384,Dennie,63,913409
135522,Suzette,19,253152
482356,Shandie,64,275733
60259,Margarette,25,203480
326408,Queenie,29,1020477
960851,Odessa,43,436610
88985,Nannie,55,255622
908965,Melisent,59,85485
885620,Andeee,49,584442
577266,Donnie,33,621938
873080,Di,69,962104
556241,Briney,28,1300920
426128,Consuela,71,480537
937670,Fina,20,956150
452143,Meg,18,190705
514456,Albertina,59,1125254
858400,Tarra,57,815844
405053,Gusella,40,1243914
298797,Consuela,22,1329775
295731,Alie,45,597003
259487,Correy,41,737006
255424,Maisey,67,313447
25954,Modestia,59,1286059
165675,Emilia,49,64291
925780,Marline,29,1310312
767705,Kore,30,632506
569816,Dominga,51,41191
762639,Chastity,38,751554
664836,Eugine,60,41752
348234,Dari,31,287343
111365,Dede,46,1127154
943743,Gilda,52,1214839
36428,Marcelline,46,1219731
822192,Robbi,28,1026533
329931,Bee,44,937401
794884,Kara-Lynn,46,640110
734051,Hope,49,614363
388595,Annora,63,1204269
56073,Cherilyn,54,401676
941158,Carol-Jean,32,931827
747877,Celisse,57,269482
377872,Shandie,68,1234806
728760,Deirdre,51,771611
925097,Ilse,57,164453
310515,Leia,51,1100089
407432,Nanete,65,636255
599911,Aeriela,68,1169300
323391,Jobi,36,54806
225780,Aaren,19,168194
118345,Jordan,32,935851
640211,Christian,37,1200385
542925,Annabela,35,583620
618905,Atlanta,60,1237296
486512,Joeann,49,873447
263804,Jenda,56,1054933
400188,Amelia,25,884023
326160,Tierney,28,763891
488017,Yolane,24,734979
333332,Roz,58,1090069
588852,Renae,24,285781
447969,Edith,24,609416
834204,Riannon,66,91828
693300,Roz,43,251467
347659,Brandise,39,1336572
778891,Ulrike,71,917192
861594,Robinia,57,191420
456593,Quintina,53,949646
984090,Mignon,44,1216310
904913,Trixi,59,453410
818919,Daune,57,1108560
509352,Ardenia,26,1113543
31956,Kial,60,1112791
762973,Peri,30,342712
380336,Reeba,48,693268
425437,Kirstin,50,167439
265405,Fina,19,1266905
524465,Asia,54,637504
715124,Edith,21,832552
444201,Zondra,47,1229621
925313,Zondra,34,1012760
339400,Sam,59,926241
984194,Suzette,39,632245
922639,Marjie,21,997663
534379,Celestyna,44,55956
438311,Marleah,39,1262365
378765,Doro,72,785668
459422,Madeleine,64,139047
641239,Margalo,59,1045970
13075,Fayre,35,720375
754186,Katuscha,34,238843
727206,Fayre,53,900037
387499,Margalo,41,805811
821666,Sara-Ann,62,987392
759705,Teriann,70,1153746
465532,Taffy,43,529322
692394,Gusty,68,536728
915029,Candy,57,403176
618805,Michaelina,52,565181
554788,Lesly,34,1240967
211820,Estell,70,152832
341521,Brooks,50,461989
800140,Tamqrah,46,547161
610439,Ida,50,692006
320390,Oona,53,381901
264792,Allis,39,784459
296383,Theodora,18,895397
480804,Lulita,42,328966
362341,Adriana,23,85697
549804,Ulrike,52,447746
893329,Vere,55,1305487
879613,Marika,46,889361
967667,Genevra,48,165554
235148,Catrina,26,750438
704423,Amelia,51,113038
334332,Beth,45,267563
530094,Chastity,27,1351926
455519,Helsa,31,1392525
121410,Carmencita,62,1388158
568576,Alexine,31,639309
119667,Nyssa,43,303075
310458,Gratia,30,1050817
304263,Barbi,69,1099765
259187,Brooks,23,504918
715751,Danika,21,257227
352426,Sheelagh,36,336556
874692,Halette,71,809274
140644,Marylou,71,1227223
30811,Wanda,40,843931
989387,Evita,68,931091
979258,Carly,60,934580
111625,Zsa Zsa,53,304198
741668,Eugine,38,404867
725590,Celestyna,68,846201
122419,Layla,58,438229
294215,Babita,42,517146
280560,Jorry,31,1113847
370449,Collen,56,594204
103742,Elsie,27,364160
643903,Lizzie,37,451979
725650,Dotty,48,1271485
89669,Chickie,26,302450
907216,Isa,51,578196
474942,Jenilee,61,1244795
373134,Heida,54,778737
620697,Annabela,36,570401
781180,Claresta,26,651378
973416,Marleah,30,1090018
342284,Gertrud,56,583781
221247,Romona,49,1382154
574313,Bettine,37,567843
653474,Mady,59,562517
837934,Susette,28,875703
342106,Katharina,50,1080433
38545,Sindee,69,480818
571997,Caritta,55,493550
283884,Kary,66,858840
716859,Aubrie,40,225247
24597,Justinn,40,1331767
102818,Marti,43,278520
765432,Valli,24,660864
88778,Marsiella,28,1170122
814644,Dotty,26,189260
783465,Carree,60,686134
559600,Nadine,62,1050949
406381,Katuscha,62,294803
398470,Lita,41,390910
679744,Jennica,35,608630
994156,Raquela,60,1162328
780895,Averyl,41,803024
283745,Marti,33,502330
649351,Yvonne,35,1002720
604834,Minda,63,780522
546736,Robinia,20,629363
566447,Genovera,30,1150979
840838,Georgina,50,1166760
162695,Etta,50,362363
920300,Bernardine,51,1206833
540621,Nessie,42,247836
129376,Lily,38,1368546
163829,Lorie,71,519733
669099,Carly,55,663674
787357,Alie,35,1083290
377914,Phedra,47,1143765
870406,Gisela,45,558943
810058,Sara-Ann,52,1323449
873164,Alyssa,38,1139904
32623,Dorice,55,508790
770096,Lyssa,65,441388
408632,Sherrie,60,214451
651792,Louella,56,887660
83510,Gaylene,45,447113
324484,Danika,64,544665
388565,Frances,47,729077
683148,Lizzie,24,139977
182713,Debee,58,692784
498336,Stacey,55,206564
381309,Gabriellia,72,1383548
258818,Rozele,32,961928
533984,Bee,45,1346987
219210,Ebonee,60,829685
58036,Maud,18,141788
993533,Celestyna,45,1217376
949152,Wynne,58,111425
691673,Madalyn,45,163853
897258,Glenda,33,749525
738920,Cyb,55,624329
900106,Althea,55,496756
42510,Meg,28,1144316
878648,Dacia,54,1293197
909304,Genevra,62,54058
193717,Michaelina,53,308736
18095,Beatriz,22,1297843
174914,Hyacinthe,30,1221308
791176,Tiffie,53,1361491
540118,Jobi,50,1034137
720218,Charmaine,68,1009386
976318,Gianina,26,384761
64667,Ingrid,58,508896
599867,Blake,18,1049008
571184,Camile,51,1313181
83889,Anestassia,40,841809
273177,Ivett,52,417883
353422,Inga,39,1271978
611108,Heddie,60,360465
430464,Catharine,63,702033
664948,Liana,19,800420
554543,Anestassia,23,1006608
978912,Nyssa,18,131823
567094,Sam,49,863512
413876,Demetris,42,532530
500860,Jillayne,61,595314
656488,Vere,38,542112
716709,Fawne,65,627588
860628,Carol-Jean,26,80893
507556,Donetta,57,1063287
799024,Dale,63,1205328
644702,Meghann,61,1373472
302567,Rubie,40,184817
522045,Wendi,58,269334
580644,Angela,39,1275259
527875,Lauryn,38,518904
186273,Darci,34,350013
302414,Vinita,56,1250111
363340,Rosabelle,44,151167
416984,Aurelie,45,1348154
855445,Marcelline,21,286697
993429,Minda,66,1018208
296535,Winny,57,325405
955108,Talya,23,758180
780409,Katleen,30,484878
699725,Gusella,49,914774
633899,Daune,23,397470
175817,Allyce,64,57427
21240,Joy,43,1248881
706215,Jillayne,55,722315
61326,Devina,39,1263902
497408,Christal,24,1388186
768405,Leanna,33,1236534
957266,Rayna,46,1315506
652993,Gerianna,35,1266931
459082,Kassey,42,925341
344873,Aubrie,64,953544
418223,Yolane,48,1047358
94484,Correy,70,366013
575301,Lindie,38,1204855
722517,Pollyanna,61,388288
219838,Orelia,29,976325
603781,Juliane,30,157225
463650,Ileana,50,1244017
122319,Barbara,33,334797
316159,Dagmar,53,246393
572575,Melina,25,1112744
533986,Sindee,32,410235
789241,Linzy,66,1165037
328586,Bobbi,63,838480
607110,Shauna,35,416828
508658,Goldie,24,940090
922765,Sharai,23,933901
60580,Farrah,48,290578
572693,Trudie,37,1386021
277544,Celene,72,559865
102021,Noelle,45,252018
361803,Thalia,21,344433
873078,Tilly,22,486066
939919,Jsandye,54,302465
385592,Farrah,34,934766
803490,Mathilda,59,133521
516743,Libbie,35,713835
991681,Stevana,63,360751
382697,Kassey,26,229497
163882,Evita,28,180722
830507,Maisey,30,1008021
573108,Nessie,52,952230
392749,Bobbi,38,49975
383694,Dotty,38,1072921
604545,Adore,29,1254890
3774,Asia,39,298937
570330,Ottilie,38,772925
578956,Priscilla,72,1253585
877038,Stevana,34,88641
623523,Fredericka,61,1102646
74543,Grier,71,1044815
719209,Gerrie,31,1395270
836806,Ethel,33,1173148
667136,Joleen,23,228099
66286,Lita,40,936270
13841,Roberta,40,155248
925195,Viviene,50,398156
727617,Britni,61,1336643
50582,Sarette,36,1238134
144915,Ada,65,330432
548887,Celestyna,45,279005
752087,Inga,65,403327
40583,Leona,20,1305710
862824,Madalyn,32,68176
884124,Winny,71,467950
431400,Betta,44,747910
734777,Correy,72,1052003
994844,Myriam,62,1165033
437836,Sallie,53,408280
767661,Gabriellia,55,302375
81339,Cristabel,59,476207
234633,Aryn,33,976952
943814,Kaja,50,993694
671433,Ardeen,51,316944
778384,Miquela,62,549838
733354,Molli,34,430759
186445,Taffy,56,879035
944514,Ricky,42,903105
274010,Roz,37,147216
629502,Ida,44,479182
957037,Fred,30,1318122
570273,Almeta,63,499959
597643,Ursulina,60,591860
221622,Clary,18,864908
427073,Fidelia,33,1241933
625449,Renie,27,199275
468636,Kelly,19,306229
317208,Arlena,67,1209890
604905,Marcelline,50,1034432
714778,Rani,57,316810
603300,Feliza,28,279907
979019,Raina,47,722450
292244,Cassondra,38,736169
467273,Fredericka,54,125773
449367,Nikki,31,942586
51087,Mamie,48,899367
982315,Hollie,26,1186651
227584,Georgina,18,272835
299692,Nessie,43,1045705
43339,Karlee,43,425199
688209,Imojean,25,253282
287427,Adriana,25,994086
322476,Stacey,45,994533
564393,Dianemarie,28,68460
157499,Gavrielle,70,1340867
696690,Ernesta,47,325594
588073,Sharlene,42,983076
857682,Elyssa,31,168952
232785,Wanda,66,658142
864041,Julieta,39,833423
379639,Pollyanna,50,707255
553511,Carolina,43,1148252
726616,Arlena,35,1171003
28407,Sara-Ann,66,779271
21878,Marsiella,22,1387766
434007,Tami,69,636410
315998,Magdalena,23,1116666
326322,Moyna,28,365845
691078,Kore,46,509105
443566,Britte,26,689091
523487,Mellicent,72,1297134
366419,Stephanie,65,636878
806150,Farrah,44,629424
647224,Helena,48,1345796
192869,Tori,44,951773
413605,Codie,24,519164
292554,Annabela,44,829778
51318,Margette,52,1094239
221030,Elbertina,70,1070858
372486,Jolyn,35,904142
735600,Konstance,40,1343867
545130,Jsandye,19,186910
280670,Florencia,52,405799
517571,Katuscha,62,1202361
363666,Dede,52,789645
385915,Valli,49,72266
513055,Lenna,35,1365958
368710,Karly,31,952806
850211,Celestyna,49,822452
575842,Cam,34,282534
216244,Blondelle,43,1379675
245715,Merle,45,965623
127862,Ana,36,953940
117944,Clo,45,955002
347770,Bibby,67,513620
5971,Marika,43,188475
15094,Valera,48,620504
270049,Monika,33,889746
15394,Mireielle,69,166692
341992,Rosanne,39,1112065
969317,Adore,67,1321767
216477,Brooks,60,846986
921673,Sharlene,62,806893
911174,Sadie,65,557818
194924,Sharlene,70,984155
162510,Ileana,41,1125343
604613,Judy,35,1355597
489805,Sophia,62,551813
345261,Brianna,62,856906
462975,Danny,43,116610
106540,Dawn,35,338017
671060,Shaine,41,181313
335602,Rozele,21,422316
884841,Lelah,39,473793
888501,Gilda,25,1110890
4943,Marti,53,1024050
769103,Annaliese,71,1395276
16372,Danika,49,816576
273203,Collen,43,1160733
515817,Corly,24,584935
706692,Coral,47,94017
745063,Chastity,25,626610
453437,Daryl,60,1113480
358359,Anica,20,958796
337147,Cathyleen,38,330883
458047,Averyl,46,387292
195895,Merrie,39,609716
242835,Darci,64,453571
980367,Hildegaard,43,1066172
891245,Addia,18,1109866
794418,Nickie,60,1292499
555631,Elora,21,790294
646525,Winifred,59,641694
262944,Willetta,33,618123
519144,Marita,52,1184582
508848,Magdalena,22,948639
825463,Shauna,49,1168555
724596,Jenda,62,1284542
739196,Ofilia,36,1386771
795571,Hope,48,525052
306837,Shandie,67,889057
162983,Linet,69,942482
281526,Max,65,637381
105977,Genovera,37,1339064
390024,Shauna,18,1178424
250419,Basia,43,281126
171260,Tina,33,1298102
596612,Ekaterina,44,911714
368704,Nariko,67,743281
922802,Shell,21,712015
828155,Meg,38,1063286
539798,Orsola,54,550505
970958,Sam,62,1289496
524090,Imojean,28,206969
176992,Valera,23,698533
681872,Petronia,33,219174
444719,Adore,66,1319531
128974,Lelah,34,649329
327169,Elora,33,950220